history	original_history_id	cell	outer_index	selected_parameter	y0	baseline_risk	selected_risk	theta	theta_rational	first_true_node	false_promotions	denominator	binomial_p	holm_adjusted_p	posthoc_99pct_simultaneous_upper	upper_bound_type	terminal_none	terminal_0	terminal_2pct	terminal_5pct	record_sha256	inner_batch_sha256
H01	B1_MAE_NEG__0	B1_MAE_NEG	0	-0.1	-1.3132856051450965	1.0	1.00078125	-0.00078125	-1/1280	1	0	4096	1.0	1	0.002056917670366294	Bonferroni exact-binomial over 46 pre-specified eligible histories	4096	0	0	0	0fa67fccf35f0ecf66fb33fdf5ee16c31d768275607a626364c5d7bf5bfd1070	6bb880b261442d88802390e286b339357147e3662bbf1b4aa6fcaf11ad1f2084
H02	B1_MAE_NEG__1	B1_MAE_NEG	1	-0.1	-1.7982954567231229	1.0	1.00078125	-0.00078125	-1/1280	1	0	4096	1.0	1	0.002056917670366294	Bonferroni exact-binomial over 46 pre-specified eligible histories	4096	0	0	0	bcd5b705ec62a91032e323c5ec5b575b02446ea8ff967e391d3d4e60c61d8b2f	4c578155ec3dd67cabf58718faf425549628af5098a8d2f7fdaa46c9ccc7b58b
H03	B1_MAE_NEG__2	B1_MAE_NEG	2	-0.1	-1.3968298259311305	1.0	1.00078125	-0.00078125	-1/1280	1	0	4096	1.0	1	0.002056917670366294	Bonferroni exact-binomial over 46 pre-specified eligible histories	4096	0	0	0	ef7bb4148dc012250c18d751d38a20bbffca1ed18e2a15b35502e643eca9d215	32b95642716a0634643c05748ffd7565ce9ec0070e3f8252a4bb8e41b846bdd6
H04	B1_MAE_NEG__3	B1_MAE_NEG	3	-0.1	0.7641374327391556	1.0	1.00078125	-0.00078125	-1/1280	1	0	4096	1.0	1	0.002056917670366294	Bonferroni exact-binomial over 46 pre-specified eligible histories	4096	0	0	0	a7860a20c9f863011521868ffd3de60e63089595324e029007e7caca9a685897	9ef617597a1f7e7f0aa4692c696f1c3aee58057629b797d91505ef98471dbc02
H05	B1_MAE_NEG__4	B1_MAE_NEG	4	-0.1	0.8580823094396528	1.0	1.00078125	-0.00078125	-1/1280	1	0	4096	1.0	1	0.002056917670366294	Bonferroni exact-binomial over 46 pre-specified eligible histories	4096	0	0	0	54d384149a1f3a51fb146981eb60640a086d56f3d30e8d3238a4d5cbbeca3dc6	21a3854c994aed6c0af55ea13e71c987995354ebc348cae4e4c25620c5854b15
H06	B1_MAE_NEG__5	B1_MAE_NEG	5	-0.1	-0.045649218680889225	1.0	1.00078125	-0.00078125	-1/1280	1	0	4096	1.0	1	0.002056917670366294	Bonferroni exact-binomial over 46 pre-specified eligible histories	4096	0	0	0	66d47a92b381e26863fe0662ccf43aea1461842818410854b896728084b3d3e9	35462670f987794f3a4e0fc1ce9dc192eb37124f23428700d960670182271f72
H07	B1_MAE_NEG__6	B1_MAE_NEG	6	-0.1	0.18843357178651576	1.0	1.00078125	-0.00078125	-1/1280	1	0	4096	1.0	1	0.002056917670366294	Bonferroni exact-binomial over 46 pre-specified eligible histories	4096	0	0	0	3631c7b7ef322375701338943aee9c6f8ab06aad0ed21fd1b8d8b9eb743b44a0	d405ce54db18f7a98139498e7f23242952576ed6d1bd225ecb775107181d1c11
H08	B1_MAE_NEG__7	B1_MAE_NEG	7	0.1	1.9693218618258195	1.0	1.00078125	-0.00078125	-1/1280	1	0	4096	1.0	1	0.002056917670366294	Bonferroni exact-binomial over 46 pre-specified eligible histories	4096	0	0	0	ff4c83a52a969f577f02bb813c1c9a50cc1088b533aea49944824675ab8ae79b	a2ad2975586cc5eda924a64813a25348090996d40b6ea754a74e46b9532078eb
H09	B1_MAE_B02__0	B1_MAE_B02	0	0.1	-0.9412004964422327	1.0212053571428572	1.00078125	0.02	1/50	2	0	4096	1.0	1	0.002056917670366294	Bonferroni exact-binomial over 46 pre-specified eligible histories	4096	0	0	0	4372c0fef2be20cbc0cfd78174a16f318d898d4c8981841c383c69a0cc712776	6f1272ffc76b3d8205a83426d0ad2b477f8e0fd2371d25e8a6e708870037e670
H10	B1_MAE_B02__1	B1_MAE_B02	1	0.1	0.8116947046353985	1.0212053571428572	1.00078125	0.02	1/50	2	0	4096	1.0	1	0.002056917670366294	Bonferroni exact-binomial over 46 pre-specified eligible histories	4096	0	0	0	24de8ab818f674c5eaa112c9225513d1b599353fafb2052b3bbe6b784c33d96f	b2c0c7e65653ecd440559d5127d00bde207cba749fdbb169b6f0ff198fca75c1
H11	B1_MAE_B02__2	B1_MAE_B02	2	0.1	1.5304302814188289	1.0212053571428572	1.00078125	0.02	1/50	2	0	4096	1.0	1	0.002056917670366294	Bonferroni exact-binomial over 46 pre-specified eligible histories	4096	0	0	0	3503de463a2b9123509f3049724537b67458fb4da5796acd8545f4f31f57deef	9fdc7a1f8df74005bd0137a0e3d0898c7daf28591d08aabcd6b039cf717af3ce
H12	B1_MAE_B02__3	B1_MAE_B02	3	-0.1	0.27163771088110156	1.0212053571428572	1.00078125	0.02	1/50	2	0	4096	1.0	1	0.002056917670366294	Bonferroni exact-binomial over 46 pre-specified eligible histories	4096	0	0	0	3f54dd405ff206d5e5fe2faeb14ecda3635e992d0b2474071fbf8d5622e5a817	4aa74bf80cfcdb5f8369de1c636428df7e5c7fe89e6619cf04189713cc032291
H13	B1_MAE_B02__4	B1_MAE_B02	4	0.1	-1.8142040710835463	1.0212053571428572	1.00078125	0.02	1/50	2	0	4096	1.0	1	0.002056917670366294	Bonferroni exact-binomial over 46 pre-specified eligible histories	4096	0	0	0	21d32c82a0df85825d431e00548049b7ec5bdcf8f364ffd2bc48266127754071	a53f423c09c4070458482b409a614083dc4892ce8ce1146589b39d441fa7f837
H14	B1_MAE_B02__5	B1_MAE_B02	5	0.1	1.5548223368742566	1.0212053571428572	1.00078125	0.02	1/50	2	0	4096	1.0	1	0.002056917670366294	Bonferroni exact-binomial over 46 pre-specified eligible histories	4096	0	0	0	e9317a89422b64d0aff588faf7699f98e72ea06d321a047a3d3ae0a3ca47962f	ec28cdfcd9ef67900454871222f175031ac811c706ebf3e3610e17b70567cf80
H15	B1_MAE_B02__6	B1_MAE_B02	6	-0.1	1.312000280371782	1.0212053571428572	1.00078125	0.02	1/50	2	0	4096	1.0	1	0.002056917670366294	Bonferroni exact-binomial over 46 pre-specified eligible histories	4096	0	0	0	7b1d12953db53679fbf977db000402351f76ce6566a3dbbf8d101366c0a4cf43	779af8b00b5f1ef940ef7be03eb37039d094d3cbac53bcb54ed378139e935107
H16	B1_MAE_B02__7	B1_MAE_B02	7	-0.1	-0.014369678441012779	1.0212053571428572	1.00078125	0.02	1/50	2	0	4096	1.0	1	0.002056917670366294	Bonferroni exact-binomial over 46 pre-specified eligible histories	4096	0	0	0	ebbba48cfff845e8e4c063ceffb4bbaa3ace19a17c853929fa5e44ecea55ab5c	366ae177bfacd7fdc4442ec60e2fad408eb55da6d03b6c9fcccf0fe9639af311
H17	B1_MAE_B05__0	B1_MAE_B05	0	-0.1	1.510217291361758	1.053453947368421	1.00078125	0.05	1/20	3	0	4096	1.0	1	0.002056917670366294	Bonferroni exact-binomial over 46 pre-specified eligible histories	4096	0	0	0	a516aebc98ee8e2747a36db1d0000e768d1589583008ae11bf91cf5bf8cbcced	c08e739777f4690b394a10bd4bef39b6dedbfafd48442de5cc11132e811a25b9
H18	B1_MAE_B05__1	B1_MAE_B05	1	-0.1	-0.5558027918358761	1.053453947368421	1.00078125	0.05	1/20	3	0	4096	1.0	1	0.002056917670366294	Bonferroni exact-binomial over 46 pre-specified eligible histories	4096	0	0	0	41238a88e0dc6587e5d4a6bfd375f916d6103806e2aa284508364f27cda4dfa8	74b12dbf25a6bd95f56500d33c402e10e02b7a034f8feadcd98becd45e4e4461
H19	B1_MAE_B05__2	B1_MAE_B05	2	0.1	0.8531363738240682	1.053453947368421	1.00078125	0.05	1/20	3	0	4096	1.0	1	0.002056917670366294	Bonferroni exact-binomial over 46 pre-specified eligible histories	4096	0	0	0	37fd5cafb8ef105b8094cd3829583b821254c8bbe5a4911936d82af0851c4cf4	3778575d2a398aa82fcdaa015fa4b542df5166feda9c418d6593c5a66046e82a
H20	B1_MAE_B05__3	B1_MAE_B05	3	-0.1	-1.1082990832142852	1.053453947368421	1.00078125	0.05	1/20	3	0	4096	1.0	1	0.002056917670366294	Bonferroni exact-binomial over 46 pre-specified eligible histories	4096	0	0	0	a9745c0358c0183c5d1b81cc19c0e0d58f570184e6ac62950854ff5efdbc4a1b	89555bc067e83b769497c2103f0472bcbe41442b8220a116afd3ce2c8cb3fd4c
H21	B1_MAE_B05__4	B1_MAE_B05	4	0.1	0.07223206393946457	1.053453947368421	1.00078125	0.05	1/20	3	0	4096	1.0	1	0.002056917670366294	Bonferroni exact-binomial over 46 pre-specified eligible histories	4096	0	0	0	265a615c65ccf8187cc72cbe8623d6baac48f2c554c844c787ec6b4e7731ea71	b67210403f2dd414985fd1b086f638daedc99c0701fd87e180da5ff66d37b205
H22	B1_MAE_B05__5	B1_MAE_B05	5	-0.1	-1.1881933172254076	1.053453947368421	1.00078125	0.05	1/20	3	0	4096	1.0	1	0.002056917670366294	Bonferroni exact-binomial over 46 pre-specified eligible histories	4096	0	0	0	9b471aab622412cf0e01281af42f969e216f4d8f2ed7ca2decdeecb0863fcf6f	593d319eeb4f613be678675e0a766df5149bf54d4d0b46452ebd84e95e6e1aee
H23	B1_MAE_B05__6	B1_MAE_B05	6	-0.1	-1.8164778773497559	1.053453947368421	1.00078125	0.05	1/20	3	0	4096	1.0	1	0.002056917670366294	Bonferroni exact-binomial over 46 pre-specified eligible histories	4096	0	0	0	55e5261821a7d45dbc0699c296ec6b8b022d0233fe506c06f20b6c9995f8196a	304404c95e3c1d921d487abfb316f510d3eac1bb445ea7f4bca06ea44d8c0607
H24	B1_MAE_B05__7	B1_MAE_B05	7	0.1	-1.437757316450277	1.053453947368421	1.00078125	0.05	1/20	3	0	4096	1.0	1	0.002056917670366294	Bonferroni exact-binomial over 46 pre-specified eligible histories	4096	0	0	0	ea5c8ad44460d733c498d7220ebbcf3ba31a6500e903b7eb2614f031c6154881	ce3cb14145c2a2d02e5b964baf3cddd2db7ef416f23f7472bfb6dd68be9259e6
H25	B1_MAE_ALT08__0	B1_MAE_ALT08	0	-0.1	1.784006079208611	1.087805706521739	1.00078125	0.08	2/25		0	4096			0.0	zero by absence of a true ladder null	4096	0	0	0	79e8292685cbb1eada9116d5d6e68d6cefaacd34e61fb6509ba3e938a2c039b4	2463f51c8bcfafc6ed85e43aeb7d27d088797894d2002c247d2bbaf063a00d61
H26	B1_MAE_ALT08__1	B1_MAE_ALT08	1	-0.1	-0.05654738447239194	1.087805706521739	1.00078125	0.08	2/25		0	4096			0.0	zero by absence of a true ladder null	4096	0	0	0	38cddb87a3fc664377a265267003141b9cc64c95c540d2981c07c03a0bc0039f	123ff246967e360bf49625e627715cb40d38571de1e8bdeeff3d5b991a6fe84a
H27	B1_MAE_ALT08__2	B1_MAE_ALT08	2	0.1	-0.5181874280247177	1.087805706521739	1.00078125	0.08	2/25		0	4096			0.0	zero by absence of a true ladder null	4096	0	0	0	4c09cc98efe8a052e69803618c91516661f84e15de21bc98903fa7de97183673	7dc84941f75885a8ee97edccee3ea3c5d632651091fabfb853c2cbb79912eb2d
H28	B1_MAE_ALT08__3	B1_MAE_ALT08	3	0.1	-1.7401228220431377	1.087805706521739	1.00078125	0.08	2/25		0	4096			0.0	zero by absence of a true ladder null	4096	0	0	0	db01abb738deb7fca811ddd4a2cb67995bd4bb974f6601d4c8202ec0e46fa646	0b7153459cbd7b2e4c9e7cc40f52b771c84aafb022ebad4f1a4834ff26a6eabf
H29	B1_MAE_ALT08__4	B1_MAE_ALT08	4	-0.1	1.0196264799720725	1.087805706521739	1.00078125	0.08	2/25		0	4096			0.0	zero by absence of a true ladder null	4096	0	0	0	3874e2d8b28c92538b35220c673b25e7c442c32e691f2aebdc0e4a68ce578eef	640b79fd151de5378b1070eee70e9ca9a67f4907bef4eb3e42e1d6c70bf13cf9
H30	B1_MAE_ALT08__5	B1_MAE_ALT08	5	0.1	0.7916487014734888	1.087805706521739	1.00078125	0.08	2/25		0	4096			0.0	zero by absence of a true ladder null	4096	0	0	0	3e788389216861093f6156e9474abfff4011b56d76b83a6b99930615f0022fc5	1d9e81c28d2c626cf0179f2b7eac9702b90f6bcf3cbd930ce517ece4ecd908e4
H31	B1_MAE_ALT08__6	B1_MAE_ALT08	6	0.1	-0.28516589045599305	1.087805706521739	1.00078125	0.08	2/25		0	4096			0.0	zero by absence of a true ladder null	4096	0	0	0	888cf156371ce034ae68944ff80f1c2820a453a68821c3cd9df15d6c4600fa4f	5c0ba7516d99122d6428b142f2c05fc0cb6b3319316be1a50b5aab2c49f312be
H32	B1_MAE_ALT08__7	B1_MAE_ALT08	7	0.1	-1.0072359965427233	1.087805706521739	1.00078125	0.08	2/25		0	4096			0.0	zero by absence of a true ladder null	4096	0	0	0	0dc3c9d05b35a213af136e2eae85700bc144514be0127464a2d08d4fac16a1f6	f5b99562c5e6767731a4e5c132c9c0aaf1aa75a063f415fcf6c7727b09cab79f
H33	B1_MAE_STR40__0	B1_MAE_STR40	0	0.1	-1.3579278534877448	1.66796875	1.00078125	0.4	2/5		0	4096			0.0	zero by absence of a true ladder null	49	68	302	3677	a6aa05745a932de0457a6c65104aedc539308674e56cd42c1d3f8d55189bddbe	854457cedf18b2c278b26effd41ae277a23015ced3b519a0ad7c366f9f5b87d4
H34	B1_MAE_STR40__1	B1_MAE_STR40	1	-0.1	0.3435521663760732	1.66796875	1.00078125	0.4	2/5		0	4096			0.0	zero by absence of a true ladder null	109	135	385	3467	975fbaaac65c6e3e5c4680bb113865d332b590f9789ce70eb4b3c2ce910f951c	9f1d9d2afbc981bc2777381dd851571688fb3be1ce6b296af47cb418538d7025
H35	B1_MAE_STR40__2	B1_MAE_STR40	2	-0.1	0.7425925933439594	1.66796875	1.00078125	0.4	2/5		0	4096			0.0	zero by absence of a true ladder null	101	97	367	3531	c0c439423db285805e5d72cbb5708b35858d7ce3485877f2390f3aff5e3b3350	0f25ebde7d9aa1bd589a7de2e9c1f3b461343c576d56eea22f8b3a0b51ae1e6d
H36	B1_MAE_STR40__3	B1_MAE_STR40	3	-0.1	1.9619717310145512	1.66796875	1.00078125	0.4	2/5		0	4096			0.0	zero by absence of a true ladder null	106	117	378	3495	ebd8bb10e698c60ab0cc4c8cc5db12503f5275af514697859879f8e2580fdcd0	9448165e1afe269a41e7eac53ee225f59c5992fa5a7f8326955cf1d6e7e4dbb8
H37	B1_MAE_STR40__4	B1_MAE_STR40	4	-0.1	0.08499384772474916	1.66796875	1.00078125	0.4	2/5		0	4096			0.0	zero by absence of a true ladder null	85	107	370	3534	b47ab1c1e490225fdc5188efc7d28e89ed176912c32a7d6c50f91ea4ab00faea	2795e5e2b143ac75704d6887de2b994efe25f3014029b976970ba417b1f45aa3
H38	B1_MAE_STR40__5	B1_MAE_STR40	5	0.1	-0.7387659015965511	1.66796875	1.00078125	0.4	2/5		0	4096			0.0	zero by absence of a true ladder null	59	87	328	3622	4e79c39423aea0e7f459ad71c175cb223746c64d650e70654c21d0a3f72a574c	08a062fca7e382e02afdea98cc62de6803e07ee3ada3f6449279245f06115134
H39	B1_MAE_STR40__6	B1_MAE_STR40	6	-0.1	1.7234074183514103	1.66796875	1.00078125	0.4	2/5		0	4096			0.0	zero by absence of a true ladder null	107	109	355	3525	dafb4eec5426439fd5afe24ca866803d3a94a264659bdbe24a048a521cf94b3c	868f4da90b34f99317ae776bd912767b9ed829ec77779c87f710d27090e48e85
H40	B1_MAE_STR40__7	B1_MAE_STR40	7	0.1	-0.17871883406192723	1.66796875	1.00078125	0.4	2/5		0	4096			0.0	zero by absence of a true ladder null	43	89	348	3616	7745b8f85e76d4e5510c23ed3eb53485e19a368d2ae0f0f0a9a282851198a808	ea8a87d52bf09ab3d91a1800bb90e78c4fe5511cef5995cb8e50012d8248f490
H41	QB_MSE_NEG__0	QB_MSE_NEG	0	0.1	0.1418704422382853	1.2151692708333333	1.2284342080150545	-0.010916122963366748		1	0	4096	1.0	1	0.002056917670366294	Bonferroni exact-binomial over 46 pre-specified eligible histories	4096	0	0	0	e88ff3cd124f02190af97a2bca0615959286e25bc6a0caa9a952d248492a46e5	e7580e7a008e704e4c5b2b0b4316bce796c15f1b341879b112503cf68326b622
H42	QB_MSE_NEG__1	QB_MSE_NEG	1	0.1	-0.8269566009655699	1.2151692708333333	1.2284687772857577	-0.01094457107469804		1	0	4096	1.0	1	0.002056917670366294	Bonferroni exact-binomial over 46 pre-specified eligible histories	4096	0	0	0	f3db6e9e48068562fd83b0d9238f176a995599cbd06d1cee0edd4ba7df0707a5	b52123a619c9f9a947f24b2277bc81cfdae360e5954f835e068ee2d99eca542d
H43	QB_MSE_NEG__2	QB_MSE_NEG	2	0.1	0.3547223608425379	1.2151692708333333	1.2284397132614555	-0.010920653399194125		1	0	4096	1.0	1	0.002056917670366294	Bonferroni exact-binomial over 46 pre-specified eligible histories	4096	0	0	0	3d23482ca5eae5a1032671ff91d04c4159a28691df59571f80ecc75065d77487	4240d68cac1ff24ab0243f2ed9d774544b8528a67256c6b5a4443c89af709be0
H44	QB_MSE_NEG__3	QB_MSE_NEG	3	0.1	-0.2781059906487561	1.2151692708333333	1.2284371880004532	-0.010918575284594834		1	0	4096	1.0	1	0.002056917670366294	Bonferroni exact-binomial over 46 pre-specified eligible histories	4096	0	0	0	386aa0aaa5b9671450e0249ddf75c11ceb17200383b90a8153dcafb53405b1f5	c617c40c2101de6108e095a419609d0b470a8c49ca5043c99b7385fc63199a33
H45	QB_MSE_NEG__4	QB_MSE_NEG	4	0.1	-1.1266667216939585	1.2151692708333333	1.228499273154606	-0.010969667058920551		1	1	4096	1.0	1	0.002660670803116665	Bonferroni exact-binomial over 46 pre-specified eligible histories	4095	1	0	0	21222dce5a2552f7072e862b391fab995298cf631d766c8366aa3e249463b829	7a79c8ce3971376d302d6b71fd3543d3c1ce30b8cfa3fb56121ec012849973e3
H46	QB_MSE_NEG__5	QB_MSE_NEG	5	-0.1	-1.9387602717037464	1.2151692708333333	1.228628930107177	-0.011076365735132043		1	0	4096	1.0	1	0.002056917670366294	Bonferroni exact-binomial over 46 pre-specified eligible histories	4096	0	0	0	71d214b857af6f74d4666a304be1fbe1153e3a4dca2ba132f3961f6ca13a7f07	51ce348687f94b71f0f423ca2f7ce1fb375252ed1c1d91e29e3df890d287caaa
H47	QB_MSE_NEG__6	QB_MSE_NEG	6	-0.1	-0.8628419401213856	1.2151692708333333	1.2284719355666822	-0.01094717012077373		1	0	4096	1.0	1	0.002056917670366294	Bonferroni exact-binomial over 46 pre-specified eligible histories	4096	0	0	0	e3135ba02d7333fdb434c3df1fb4c217769a4f4755d5d02b4942d29ad1e53379	9e1a25ea9d02b9e26b7b2e6e9bd0a17fad3242d9e05991bbd1936ffe20cc4aaf
H48	QB_MSE_NEG__7	QB_MSE_NEG	7	-0.1	-0.7202734265217066	1.2151692708333333	1.2284601802331052	-0.010937496296838933		1	0	4096	1.0	1	0.002056917670366294	Bonferroni exact-binomial over 46 pre-specified eligible histories	4096	0	0	0	fe173a93c9015c7f5f35fdd34b5337d8a0284c34bc4e8438f9653c15deb4b0b4	a472e92a1e1fa5dd4788f659c63129e3748743d39891de21dbc52aadddd2ef28
H49	QB_MSE_NOM02__0	QB_MSE_NOM02	0	0.1	-1.6148119922358088	1.2537652525176464	1.228568973147757	0.0200964888118359		3	0	4096	1.0	1	0.002056917670366294	Bonferroni exact-binomial over 46 pre-specified eligible histories	3889	207	0	0	98c658140589d11f2ffd68e886a1325a1cf62d78646e4faff45b12674626e26e	75b86b8783ecee07e9b2b74c5eb3250a5d564ebd750837b03a32e4ef4b1142f2
H50	QB_MSE_NOM02__1	QB_MSE_NOM02	1	0.1	1.480118796502325	1.2537027147591215	1.2285472613707513	0.020064926949770134		3	0	4096	1.0	1	0.002056917670366294	Bonferroni exact-binomial over 46 pre-specified eligible histories	3905	191	0	0	a2828aad36243926e0d794cc49f374200c078cff2376f73d6472f0d42bbd5a32	c1076a0a9090b2bc14421ae6d5a9a2bd64f6b25462bd19a5b481ea81a24d32e8
H51	QB_MSE_NOM02__2	QB_MSE_NOM02	2	-0.1	0.06305640843042265	1.2533746572973457	1.228433366811318	0.019899309708246826		2	0	4096	1.0	1	0.002056917670366294	Bonferroni exact-binomial over 46 pre-specified eligible histories	4096	0	0	0	e7dfa56df684c9c07dced92e755fe1f39cde1c2c963d76fd6b94d195b3755057	728e47173cd8115c0a9b8add00eb107639c6b9af4fb261a11247b7e5a423e0df
H52	QB_MSE_NOM02__3	QB_MSE_NOM02	3	-0.1	0.018471726692506532	1.2533741119930837	1.2284331774932995	0.019899034343484057		2	0	4096	1.0	1	0.002056917670366294	Bonferroni exact-binomial over 46 pre-specified eligible histories	4096	0	0	0	84a32998815f4412524c33e2977825022ab4263966147c5380d08e9e4d759cbb	6497a86a7953a225f30072585cadea6cdffa01f3ffc9aa199e41aa4bdacd3651
H53	QB_MSE_NOM02__4	QB_MSE_NOM02	4	-0.1	-0.9897495327205326	1.2535210198517626	1.2284841807710514	0.019973210408288145		2	0	4096	1.0	1	0.002056917670366294	Bonferroni exact-binomial over 46 pre-specified eligible histories	4096	0	0	0	e1f126e8a84144b01337fd3146abbdd03e21d68eb305f969e6aae3d972a04921	bae1e32fe8dcb9b722a1d629f4e4d8f7ea52e815b47f817ceaadbf0624e6f8a5
H54	QB_MSE_NOM02__5	QB_MSE_NOM02	5	-0.1	-1.5778320341938525	1.253747540720687	1.2285628239893123	0.020087550255052156		3	0	4096	1.0	1	0.002056917670366294	Bonferroni exact-binomial over 46 pre-specified eligible histories	4096	0	0	0	2353143b9c150c128490d3eb736893738a73519b2d37bbf8d67afe999810685b	ea48df4ec7435e8cc8eb81e4254c06907a661df8a62dfff5f4724cfb7289f40b
H55	QB_MSE_NOM02__6	QB_MSE_NOM02	6	-0.1	1.6762399956304808	1.2537955807329861	1.2285795024577926	0.020111793870298933		3	0	4096	1.0	1	0.002056917670366294	Bonferroni exact-binomial over 46 pre-specified eligible histories	4096	0	0	0	51a70d67dc41b8cc4c742cf4c68ac6218b4be021f11ccef596285ed3490cd724	fd41f231ea161756959fae841e35fc2209970c89fdad516a19b6cb91982621b4
H56	QB_MSE_NOM02__7	QB_MSE_NOM02	7	0.1	-1.049969701230637	1.253539446997486	1.228490578283342	0.01998251333385792		2	0	4096	1.0	1	0.002056917670366294	Bonferroni exact-binomial over 46 pre-specified eligible histories	3930	166	0	0	37839185e9441e2d717086f74bf87870966698112c90f91e5f90421c619abffc	f090a794aa5b07bae99ece71ab971a36be7306c4cb759606d5dea3554170d5e1
H57	QB_MSE_NOM05__0	QB_MSE_NOM05	0	-0.1	1.9228365632241426	1.293880827458924	1.2286257274539343	0.05043362465857493			0	4096			0.0	zero by absence of a true ladder null	4094	2	0	0	c2d5361854669d51e19f89acb03ffda5ead1b89ccf57ccb80b3a1dc524daffb7	af774951172a670cfcfb1e90d172b81316382f711676a6f6c2b747d272a03cee
H58	QB_MSE_NOM05__1	QB_MSE_NOM05	1	-0.1	0.3794466357980005	1.2927982949116559	1.2284406586675043	0.04978165309890781		3	0	4096	1.0	1	0.002056917670366294	Bonferroni exact-binomial over 46 pre-specified eligible histories	4096	0	0	0	c7b5d8d0396494ea95d77866b61a5ba23f4b81e1e0295c2cd258a43c61dc6e27	9b6ad75ac62ce170f916090f3c7abc7e9914f45ce3ada43e367200e76db8e552
H59	QB_MSE_NOM05__2	QB_MSE_NOM05	2	-0.1	1.214224406648344	1.2932035944546576	1.2285099483112691	0.050025878694429204			0	4096			0.0	zero by absence of a true ladder null	4093	3	0	0	3e3d0cf23f9128e4a79b1f5a1a866ed766c34e8edd23ac5e45437a4d9a8d8a9c	3a4069578b3c3e8cf517f575b6f0df253af5c9e23f5c820ebac43013cc97bf19
H60	QB_MSE_NOM05__3	QB_MSE_NOM05	3	0.1	0.8330959736126334	1.2929658755525468	1.2284693081024955	0.04988265248878965		3	0	4096	1.0	1	0.002056917670366294	Bonferroni exact-binomial over 46 pre-specified eligible histories	3244	821	31	0	354c79897e30d0f9627de3e46d4af56223f71f1e83200f0671abd238fda1bb1f	e933ed19d72ac9f4bd22ef48b689994c87184d04738126eabc13dc38b691b973
H61	QB_MSE_NOM05__4	QB_MSE_NOM05	4	0.1	0.032198157875926336	1.2927547467792595	1.2284332137181269	0.04975540273310297		3	0	4096	1.0	1	0.002056917670366294	Bonferroni exact-binomial over 46 pre-specified eligible histories	3278	770	48	0	467743bb0a94c879bf69f7b8d5193e6915199dc97805b97f55f96d77ae016351	d0ec38cf0df18287bd394abb0b6d153e3a5add1903bc305722a1121e1b1ddd8a
H62	QB_MSE_NOM05__5	QB_MSE_NOM05	5	0.1	1.1124288824727355	1.293131439374963	1.2284976127440221	0.0499824106528427		3	0	4096	1.0	1	0.002056917670366294	Bonferroni exact-binomial over 46 pre-specified eligible histories	3228	820	48	0	078c57a889f776e2b21c5da95da049c446b89e8dbbbfaa945a73ba0e4f474baa	f7c4421348565b679b82e6d22fecc6ca6927f22e14f86a6711faf3e85e976ef6
H63	QB_MSE_NOM05__6	QB_MSE_NOM05	6	-0.1	-0.866184584063362	1.2929830052690212	1.2284722365833507	0.049892974944591995		3	0	4096	1.0	1	0.002056917670366294	Bonferroni exact-binomial over 46 pre-specified eligible histories	4095	1	0	0	c5f5d46e62e6c0512721bc9e1e8e002795823de4b2648f10a6375c67a4fab8d0	0b44f458f04d1d4acefa444496b34b20c42a733c282dc6213aa6afccccc22957
H64	QB_MSE_NOM05__7	QB_MSE_NOM05	7	0.1	-0.1587882522000521	1.2927621123897002	1.2284344729362344	0.04975984277150158		3	0	4096	1.0	1	0.002056917670366294	Bonferroni exact-binomial over 46 pre-specified eligible histories	3272	790	34	0	8d0b7adcd9c1b4c1cc5715af131200a1e31a34b623b934212ad7560aa666b6d9	dc620fba589fad3c1339ecc333be619b475bb35c4be02001d54dbb0ceec70017
H65	QB_MSE_NOM08__0	QB_MSE_NOM08	0	-0.1	-0.28396126315492815	1.3347409335510294	1.2284373594096687	0.07964360084360633			0	4096			0.0	zero by absence of a true ladder null	4077	16	3	0	ac6a1b610b392fa4036d34027d8891cd303bc675822fb1e6790d4c55e2b04874	f7f8caa5093fe3ea1b6e81c5c6e7f4ea54cbc5bed11c0dc0e616c7174b30bacf
H66	QB_MSE_NOM08__1	QB_MSE_NOM08	1	-0.1	0.9547598441537597	1.3351309512813663	1.228480637136806	0.07988004026287066			0	4096			0.0	zero by absence of a true ladder null	4074	19	3	0	4fc7b796e21a38d7ac58492094149f5fd45e281f37f66f7f0dd1c59a24e33c99	c41ab09928bff36af9d535424b82e3bf9b9c5848c2a3e9cb469b9eeed1eaae60
H67	QB_MSE_NOM08__2	QB_MSE_NOM08	2	-0.1	2.252448009181595	1.337084463482689	1.2286974056614963	0.08106223711468319			0	4096			0.0	zero by absence of a true ladder null	4079	14	3	0	9e7c1d10d75ddc7df646abc7ec360b2399e9338ef192052d6558b8216fdb45ff	a3ca20934e86491ea201f7747d3a5b964a031e73d1773fbb597113d9a19d9f8b
H68	QB_MSE_NOM08__3	QB_MSE_NOM08	3	0.1	-0.2952162758854242	1.334743993233648	1.2284376989227195	0.07964545624467145			0	4096			0.0	zero by absence of a true ladder null	2357	1263	468	8	dcc34f0a9ffb3aef5fba7b5cb53a7fe1405c5c21ed97e532ab59e29b7ffc3324	0201b35db1828f482f39571e15811b20c8434d8e8c8751f61497431ae0a21179
H69	QB_MSE_NOM08__4	QB_MSE_NOM08	4	0.1	-3.1357358880191373	1.3393183615786455	1.228945286782608	0.08240988697111673			0	4096			0.0	zero by absence of a true ladder null	2251	1234	604	7	55cc913e26d65e8c0db009846639e58c081293ccba0d2c72624d53c79ada263c	5802269d9f8f83305653bedfa98d52355faa09f0ecadd0af37c47acac9894b1f
H70	QB_MSE_NOM08__5	QB_MSE_NOM08	5	-0.1	1.1389179119929973	1.3353119265651476	1.2285007187852564	0.07998970551745477			0	4096			0.0	zero by absence of a true ladder null	4077	18	1	0	99dd5f93b7817ea0e66c56f72ac7445f9a0a9926be9ba3e6a8b544c4d57218d0	259f17b3774736650d53103a9665fcab17dceb14c959a5f9c4414bb225c19b8a
H71	QB_MSE_NOM08__6	QB_MSE_NOM08	6	-0.1	0.6363982563310138	1.334893183681555	1.228454253614965	0.07973591547829906			0	4096			0.0	zero by absence of a true ladder null	4078	16	2	0	e7b3cec6ccf87260ea9bf043d98e4f79aa09f9de6e594fabbd5e5539a4974240	1f4a4c981f4e8de012132454bcf408c53c29d36ea0eeaf009b2ab3793921ca34
H72	QB_MSE_NOM08__7	QB_MSE_NOM08	7	-0.1	-0.0033403890986981877	1.334703091316395	1.2284331603033785	0.07962065249148742			0	4096			0.0	zero by absence of a true ladder null	4077	17	2	0	6d02eefe5831fb7a9cf2ebf69588e1cb1ac8efe33c9e4ac9f97359f9f1c2a817	33a77358059ecc71ef8601bf445dcc3b4fce0f92f673a8d439dae5bd29425b49
H73	QB_MSE_NOM40__0	QB_MSE_NOM40	0	0.1	0.7525993110392242	2.045010821739399	1.228462660020294	0.3992879416767996			0	4096			0.0	zero by absence of a true ladder null	0	0	2	4094	d90e9dc6af816d68efa00858174cc64736d6cec410e2841e5ce9ebfb4d89b4a2	ffa81e884eaaaeba9d34c3e78d0742c933980a1f45b1cbec901853e0926dbbc2
H74	QB_MSE_NOM40__1	QB_MSE_NOM40	1	-0.1	0.5516144973013397	2.04415856534995	1.2284490075635572	0.3990441698669043			0	4096			0.0	zero by absence of a true ladder null	34	18	52	3992	74f015cdfd968d291d97a9527d5e5d3edac9148663de9dddf1570c1c7c3175a0	d494af75123bf141ca759f1fbc0e8bd14ccd32201b14678d4d616ce65ea48361
H75	QB_MSE_NOM40__2	QB_MSE_NOM40	2	-0.1	-2.557659569980393	2.064438096938619	1.2287738692261758	0.4047901600690571			0	4096			0.0	zero by absence of a true ladder null	25	9	25	4037	b918a698d7b8b7b3de019df3132c7649125d2c507008b466d90196733cc95be7	2a5bd3b0361047ba7f5df53f3562804ccac7c965a37f7e43f9f3178b98c642cf
H76	QB_MSE_NOM40__3	QB_MSE_NOM40	3	-0.1	0.03691577866188378	2.043173692592598	1.2284332307000718	0.3987622123592909			0	4096			0.0	zero by absence of a true ladder null	24	23	61	3988	b658d5d1520ca41f8eda5c4f33edf4ffbc46ed25072691de0d98e4bb35d5ce32	534bd4ef870df52d93e38d47e151ce875997f02d6804335a84641d485a5d5a58
H77	QB_MSE_NOM40__4	QB_MSE_NOM40	4	-0.1	1.4929823150242267	2.0504164168733983	1.2285492532739397	0.400829390964735			0	4096			0.0	zero by absence of a true ladder null	21	20	56	3999	fc4461bd1a2c4f11a8a26d8dfe585f5796ce64d00597062e11e15eb4ccdd6841	33f463535154a786cd03b37fafd0614aa949b27e4fd6a14c39ca779172d22bcc
H78	QB_MSE_NOM40__5	QB_MSE_NOM40	5	-0.1	-1.7177965993910884	2.0527633057827672	1.2285868485324762	0.4014960979322518			0	4096			0.0	zero by absence of a true ladder null	25	20	43	4008	25c359f0b02651281b183d22e46d0d833f469a6609f90006e1111a2b7aa31c07	cae651c026fadea3baea9cc6223479d3c266d67305eccab835c651558e52d58b
H79	QB_MSE_NOM40__6	QB_MSE_NOM40	6	0.1	-0.02702240095173067	2.043171635929833	1.228433197754001	0.39876162327647535			0	4096			0.0	zero by absence of a true ladder null	0	0	0	4096	3368362402d6992e37e8deac601770bb9f6f7e6beb2fd03a515ff2f88be6d954	725b52f42b6f1768ae69a44115a4411ebe27b61261bbb1715aeac077d02ab870
H80	QB_MSE_NOM40__7	QB_MSE_NOM40	7	0.1	-1.8863565657451298	2.0547385277319368	1.2286184899874892	0.4020560409972631			0	4096			0.0	zero by absence of a true ladder null	0	1	2	4093	8499f9d8b2c4f3cceea6604fca0116dc0de8c45d070f747e6152fc6b49479165	94faf38e06024ef194de037818e9cf574db9cc0b1ce5ec1660c0b87ea41fc960
