history	original_history_id	cell	node	r	mu	null_true	threshold	mu_minus_threshold	C	V	local_reject_count	reached_count	denominator	certificate_file
H01	B1_MAE_NEG__0	B1_MAE_NEG	1	0	-0.00078125	True	0.5234881951002626	-0.5242694451002625	0.18295352547257035		0	4096	4096	mae_node_1.npz
H01	B1_MAE_NEG__0	B1_MAE_NEG	2	1/50	-0.02078125	True	0.5182533131492599	-0.5390345631492599	0.1793127503156662		0	0	4096	mae_node_2.npz
H01	B1_MAE_NEG__0	B1_MAE_NEG	3	1/20	-0.05078125	True	0.5104009902227558	-0.5611822402227558	0.17392019515236207		0	0	4096	mae_node_3.npz
H02	B1_MAE_NEG__1	B1_MAE_NEG	1	0	-0.00078125	True	0.5234881951002626	-0.5242694451002625	0.18295352547257035		0	4096	4096	mae_node_1.npz
H02	B1_MAE_NEG__1	B1_MAE_NEG	2	1/50	-0.02078125	True	0.5182533131492599	-0.5390345631492599	0.1793127503156662		0	0	4096	mae_node_2.npz
H02	B1_MAE_NEG__1	B1_MAE_NEG	3	1/20	-0.05078125	True	0.5104009902227558	-0.5611822402227558	0.17392019515236207		0	0	4096	mae_node_3.npz
H03	B1_MAE_NEG__2	B1_MAE_NEG	1	0	-0.00078125	True	0.5234881951002626	-0.5242694451002625	0.18295352547257035		0	4096	4096	mae_node_1.npz
H03	B1_MAE_NEG__2	B1_MAE_NEG	2	1/50	-0.02078125	True	0.5182533131492599	-0.5390345631492599	0.1793127503156662		0	0	4096	mae_node_2.npz
H03	B1_MAE_NEG__2	B1_MAE_NEG	3	1/20	-0.05078125	True	0.5104009902227558	-0.5611822402227558	0.17392019515236207		0	0	4096	mae_node_3.npz
H04	B1_MAE_NEG__3	B1_MAE_NEG	1	0	-0.00078125	True	0.5234881951002626	-0.5242694451002625	0.18295352547257035		0	4096	4096	mae_node_1.npz
H04	B1_MAE_NEG__3	B1_MAE_NEG	2	1/50	-0.02078125	True	0.5182533131492599	-0.5390345631492599	0.1793127503156662		0	0	4096	mae_node_2.npz
H04	B1_MAE_NEG__3	B1_MAE_NEG	3	1/20	-0.05078125	True	0.5104009902227558	-0.5611822402227558	0.17392019515236207		0	0	4096	mae_node_3.npz
H05	B1_MAE_NEG__4	B1_MAE_NEG	1	0	-0.00078125	True	0.5234881951002626	-0.5242694451002625	0.18295352547257035		0	4096	4096	mae_node_1.npz
H05	B1_MAE_NEG__4	B1_MAE_NEG	2	1/50	-0.02078125	True	0.5182533131492599	-0.5390345631492599	0.1793127503156662		0	0	4096	mae_node_2.npz
H05	B1_MAE_NEG__4	B1_MAE_NEG	3	1/20	-0.05078125	True	0.5104009902227558	-0.5611822402227558	0.17392019515236207		0	0	4096	mae_node_3.npz
H06	B1_MAE_NEG__5	B1_MAE_NEG	1	0	-0.00078125	True	0.5234881951002626	-0.5242694451002625	0.18295352547257035		0	4096	4096	mae_node_1.npz
H06	B1_MAE_NEG__5	B1_MAE_NEG	2	1/50	-0.02078125	True	0.5182533131492599	-0.5390345631492599	0.1793127503156662		0	0	4096	mae_node_2.npz
H06	B1_MAE_NEG__5	B1_MAE_NEG	3	1/20	-0.05078125	True	0.5104009902227558	-0.5611822402227558	0.17392019515236207		0	0	4096	mae_node_3.npz
H07	B1_MAE_NEG__6	B1_MAE_NEG	1	0	-0.00078125	True	0.5234881951002626	-0.5242694451002625	0.18295352547257035		0	4096	4096	mae_node_1.npz
H07	B1_MAE_NEG__6	B1_MAE_NEG	2	1/50	-0.02078125	True	0.5182533131492599	-0.5390345631492599	0.1793127503156662		0	0	4096	mae_node_2.npz
H07	B1_MAE_NEG__6	B1_MAE_NEG	3	1/20	-0.05078125	True	0.5104009902227558	-0.5611822402227558	0.17392019515236207		0	0	4096	mae_node_3.npz
H08	B1_MAE_NEG__7	B1_MAE_NEG	1	0	-0.00078125	True	0.5234881951002626	-0.5242694451002625	0.18295352547257035		0	4096	4096	mae_node_1.npz
H08	B1_MAE_NEG__7	B1_MAE_NEG	2	1/50	-0.02078125	True	0.5182533131492599	-0.5390345631492599	0.1793127503156662		0	0	4096	mae_node_2.npz
H08	B1_MAE_NEG__7	B1_MAE_NEG	3	1/20	-0.05078125	True	0.5104009902227558	-0.5611822402227558	0.17392019515236207		0	0	4096	mae_node_3.npz
H09	B1_MAE_B02__0	B1_MAE_B02	1	0	0.020424107142857143	False	0.5234881951002626	-0.5030640879574054	0.18295352547257035		0	4096	4096	mae_node_1.npz
H09	B1_MAE_B02__0	B1_MAE_B02	2	1/50	0.0	True	0.5182533131492599	-0.5182533131492599	0.1793127503156662		0	0	4096	mae_node_2.npz
H09	B1_MAE_B02__0	B1_MAE_B02	3	1/20	-0.030636160714285713	True	0.5104009902227558	-0.5410371509370415	0.17392019515236207		0	0	4096	mae_node_3.npz
H10	B1_MAE_B02__1	B1_MAE_B02	1	0	0.020424107142857143	False	0.5234881951002626	-0.5030640879574054	0.18295352547257035		0	4096	4096	mae_node_1.npz
H10	B1_MAE_B02__1	B1_MAE_B02	2	1/50	0.0	True	0.5182533131492599	-0.5182533131492599	0.1793127503156662		0	0	4096	mae_node_2.npz
H10	B1_MAE_B02__1	B1_MAE_B02	3	1/20	-0.030636160714285713	True	0.5104009902227558	-0.5410371509370415	0.17392019515236207		0	0	4096	mae_node_3.npz
H11	B1_MAE_B02__2	B1_MAE_B02	1	0	0.020424107142857143	False	0.5234881951002626	-0.5030640879574054	0.18295352547257035		0	4096	4096	mae_node_1.npz
H11	B1_MAE_B02__2	B1_MAE_B02	2	1/50	0.0	True	0.5182533131492599	-0.5182533131492599	0.1793127503156662		0	0	4096	mae_node_2.npz
H11	B1_MAE_B02__2	B1_MAE_B02	3	1/20	-0.030636160714285713	True	0.5104009902227558	-0.5410371509370415	0.17392019515236207		0	0	4096	mae_node_3.npz
H12	B1_MAE_B02__3	B1_MAE_B02	1	0	0.020424107142857143	False	0.5234881951002626	-0.5030640879574054	0.18295352547257035		0	4096	4096	mae_node_1.npz
H12	B1_MAE_B02__3	B1_MAE_B02	2	1/50	0.0	True	0.5182533131492599	-0.5182533131492599	0.1793127503156662		0	0	4096	mae_node_2.npz
H12	B1_MAE_B02__3	B1_MAE_B02	3	1/20	-0.030636160714285713	True	0.5104009902227558	-0.5410371509370415	0.17392019515236207		0	0	4096	mae_node_3.npz
H13	B1_MAE_B02__4	B1_MAE_B02	1	0	0.020424107142857143	False	0.5234881951002626	-0.5030640879574054	0.18295352547257035		0	4096	4096	mae_node_1.npz
H13	B1_MAE_B02__4	B1_MAE_B02	2	1/50	0.0	True	0.5182533131492599	-0.5182533131492599	0.1793127503156662		0	0	4096	mae_node_2.npz
H13	B1_MAE_B02__4	B1_MAE_B02	3	1/20	-0.030636160714285713	True	0.5104009902227558	-0.5410371509370415	0.17392019515236207		0	0	4096	mae_node_3.npz
H14	B1_MAE_B02__5	B1_MAE_B02	1	0	0.020424107142857143	False	0.5234881951002626	-0.5030640879574054	0.18295352547257035		0	4096	4096	mae_node_1.npz
H14	B1_MAE_B02__5	B1_MAE_B02	2	1/50	0.0	True	0.5182533131492599	-0.5182533131492599	0.1793127503156662		0	0	4096	mae_node_2.npz
H14	B1_MAE_B02__5	B1_MAE_B02	3	1/20	-0.030636160714285713	True	0.5104009902227558	-0.5410371509370415	0.17392019515236207		0	0	4096	mae_node_3.npz
H15	B1_MAE_B02__6	B1_MAE_B02	1	0	0.020424107142857143	False	0.5234881951002626	-0.5030640879574054	0.18295352547257035		0	4096	4096	mae_node_1.npz
H15	B1_MAE_B02__6	B1_MAE_B02	2	1/50	0.0	True	0.5182533131492599	-0.5182533131492599	0.1793127503156662		0	0	4096	mae_node_2.npz
H15	B1_MAE_B02__6	B1_MAE_B02	3	1/20	-0.030636160714285713	True	0.5104009902227558	-0.5410371509370415	0.17392019515236207		0	0	4096	mae_node_3.npz
H16	B1_MAE_B02__7	B1_MAE_B02	1	0	0.020424107142857143	False	0.5234881951002626	-0.5030640879574054	0.18295352547257035		0	4096	4096	mae_node_1.npz
H16	B1_MAE_B02__7	B1_MAE_B02	2	1/50	0.0	True	0.5182533131492599	-0.5182533131492599	0.1793127503156662		0	0	4096	mae_node_2.npz
H16	B1_MAE_B02__7	B1_MAE_B02	3	1/20	-0.030636160714285713	True	0.5104009902227558	-0.5410371509370415	0.17392019515236207		0	0	4096	mae_node_3.npz
H17	B1_MAE_B05__0	B1_MAE_B05	1	0	0.052672697368421055	False	0.5234881951002626	-0.4708154977318415	0.18295352547257035		0	4096	4096	mae_node_1.npz
H17	B1_MAE_B05__0	B1_MAE_B05	2	1/50	0.03160361842105263	False	0.5182533131492599	-0.4866496947282073	0.1793127503156662		0	0	4096	mae_node_2.npz
H17	B1_MAE_B05__0	B1_MAE_B05	3	1/20	0.0	True	0.5104009902227558	-0.5104009902227558	0.17392019515236207		0	0	4096	mae_node_3.npz
H18	B1_MAE_B05__1	B1_MAE_B05	1	0	0.052672697368421055	False	0.5234881951002626	-0.4708154977318415	0.18295352547257035		0	4096	4096	mae_node_1.npz
H18	B1_MAE_B05__1	B1_MAE_B05	2	1/50	0.03160361842105263	False	0.5182533131492599	-0.4866496947282073	0.1793127503156662		0	0	4096	mae_node_2.npz
H18	B1_MAE_B05__1	B1_MAE_B05	3	1/20	0.0	True	0.5104009902227558	-0.5104009902227558	0.17392019515236207		0	0	4096	mae_node_3.npz
H19	B1_MAE_B05__2	B1_MAE_B05	1	0	0.052672697368421055	False	0.5234881951002626	-0.4708154977318415	0.18295352547257035		0	4096	4096	mae_node_1.npz
H19	B1_MAE_B05__2	B1_MAE_B05	2	1/50	0.03160361842105263	False	0.5182533131492599	-0.4866496947282073	0.1793127503156662		0	0	4096	mae_node_2.npz
H19	B1_MAE_B05__2	B1_MAE_B05	3	1/20	0.0	True	0.5104009902227558	-0.5104009902227558	0.17392019515236207		0	0	4096	mae_node_3.npz
H20	B1_MAE_B05__3	B1_MAE_B05	1	0	0.052672697368421055	False	0.5234881951002626	-0.4708154977318415	0.18295352547257035		0	4096	4096	mae_node_1.npz
H20	B1_MAE_B05__3	B1_MAE_B05	2	1/50	0.03160361842105263	False	0.5182533131492599	-0.4866496947282073	0.1793127503156662		0	0	4096	mae_node_2.npz
H20	B1_MAE_B05__3	B1_MAE_B05	3	1/20	0.0	True	0.5104009902227558	-0.5104009902227558	0.17392019515236207		0	0	4096	mae_node_3.npz
H21	B1_MAE_B05__4	B1_MAE_B05	1	0	0.052672697368421055	False	0.5234881951002626	-0.4708154977318415	0.18295352547257035		0	4096	4096	mae_node_1.npz
H21	B1_MAE_B05__4	B1_MAE_B05	2	1/50	0.03160361842105263	False	0.5182533131492599	-0.4866496947282073	0.1793127503156662		0	0	4096	mae_node_2.npz
H21	B1_MAE_B05__4	B1_MAE_B05	3	1/20	0.0	True	0.5104009902227558	-0.5104009902227558	0.17392019515236207		0	0	4096	mae_node_3.npz
H22	B1_MAE_B05__5	B1_MAE_B05	1	0	0.052672697368421055	False	0.5234881951002626	-0.4708154977318415	0.18295352547257035		0	4096	4096	mae_node_1.npz
H22	B1_MAE_B05__5	B1_MAE_B05	2	1/50	0.03160361842105263	False	0.5182533131492599	-0.4866496947282073	0.1793127503156662		0	0	4096	mae_node_2.npz
H22	B1_MAE_B05__5	B1_MAE_B05	3	1/20	0.0	True	0.5104009902227558	-0.5104009902227558	0.17392019515236207		0	0	4096	mae_node_3.npz
H23	B1_MAE_B05__6	B1_MAE_B05	1	0	0.052672697368421055	False	0.5234881951002626	-0.4708154977318415	0.18295352547257035		0	4096	4096	mae_node_1.npz
H23	B1_MAE_B05__6	B1_MAE_B05	2	1/50	0.03160361842105263	False	0.5182533131492599	-0.4866496947282073	0.1793127503156662		0	0	4096	mae_node_2.npz
H23	B1_MAE_B05__6	B1_MAE_B05	3	1/20	0.0	True	0.5104009902227558	-0.5104009902227558	0.17392019515236207		0	0	4096	mae_node_3.npz
H24	B1_MAE_B05__7	B1_MAE_B05	1	0	0.052672697368421055	False	0.5234881951002626	-0.4708154977318415	0.18295352547257035		0	4096	4096	mae_node_1.npz
H24	B1_MAE_B05__7	B1_MAE_B05	2	1/50	0.03160361842105263	False	0.5182533131492599	-0.4866496947282073	0.1793127503156662		0	0	4096	mae_node_2.npz
H24	B1_MAE_B05__7	B1_MAE_B05	3	1/20	0.0	True	0.5104009902227558	-0.5104009902227558	0.17392019515236207		0	0	4096	mae_node_3.npz
H25	B1_MAE_ALT08__0	B1_MAE_ALT08	1	0	0.08702445652173912	False	0.5234881951002626	-0.43646373857852344	0.18295352547257035		0	4096	4096	mae_node_1.npz
H25	B1_MAE_ALT08__0	B1_MAE_ALT08	2	1/50	0.06526834239130434	False	0.5182533131492599	-0.4529849707579556	0.1793127503156662		0	0	4096	mae_node_2.npz
H25	B1_MAE_ALT08__0	B1_MAE_ALT08	3	1/20	0.03263417119565217	False	0.5104009902227558	-0.4777668190271036	0.17392019515236207		0	0	4096	mae_node_3.npz
H26	B1_MAE_ALT08__1	B1_MAE_ALT08	1	0	0.08702445652173912	False	0.5234881951002626	-0.43646373857852344	0.18295352547257035		0	4096	4096	mae_node_1.npz
H26	B1_MAE_ALT08__1	B1_MAE_ALT08	2	1/50	0.06526834239130434	False	0.5182533131492599	-0.4529849707579556	0.1793127503156662		0	0	4096	mae_node_2.npz
H26	B1_MAE_ALT08__1	B1_MAE_ALT08	3	1/20	0.03263417119565217	False	0.5104009902227558	-0.4777668190271036	0.17392019515236207		0	0	4096	mae_node_3.npz
H27	B1_MAE_ALT08__2	B1_MAE_ALT08	1	0	0.08702445652173912	False	0.5234881951002626	-0.43646373857852344	0.18295352547257035		0	4096	4096	mae_node_1.npz
H27	B1_MAE_ALT08__2	B1_MAE_ALT08	2	1/50	0.06526834239130434	False	0.5182533131492599	-0.4529849707579556	0.1793127503156662		0	0	4096	mae_node_2.npz
H27	B1_MAE_ALT08__2	B1_MAE_ALT08	3	1/20	0.03263417119565217	False	0.5104009902227558	-0.4777668190271036	0.17392019515236207		0	0	4096	mae_node_3.npz
H28	B1_MAE_ALT08__3	B1_MAE_ALT08	1	0	0.08702445652173912	False	0.5234881951002626	-0.43646373857852344	0.18295352547257035		0	4096	4096	mae_node_1.npz
H28	B1_MAE_ALT08__3	B1_MAE_ALT08	2	1/50	0.06526834239130434	False	0.5182533131492599	-0.4529849707579556	0.1793127503156662		0	0	4096	mae_node_2.npz
H28	B1_MAE_ALT08__3	B1_MAE_ALT08	3	1/20	0.03263417119565217	False	0.5104009902227558	-0.4777668190271036	0.17392019515236207		0	0	4096	mae_node_3.npz
H29	B1_MAE_ALT08__4	B1_MAE_ALT08	1	0	0.08702445652173912	False	0.5234881951002626	-0.43646373857852344	0.18295352547257035		0	4096	4096	mae_node_1.npz
H29	B1_MAE_ALT08__4	B1_MAE_ALT08	2	1/50	0.06526834239130434	False	0.5182533131492599	-0.4529849707579556	0.1793127503156662		0	0	4096	mae_node_2.npz
H29	B1_MAE_ALT08__4	B1_MAE_ALT08	3	1/20	0.03263417119565217	False	0.5104009902227558	-0.4777668190271036	0.17392019515236207		0	0	4096	mae_node_3.npz
H30	B1_MAE_ALT08__5	B1_MAE_ALT08	1	0	0.08702445652173912	False	0.5234881951002626	-0.43646373857852344	0.18295352547257035		0	4096	4096	mae_node_1.npz
H30	B1_MAE_ALT08__5	B1_MAE_ALT08	2	1/50	0.06526834239130434	False	0.5182533131492599	-0.4529849707579556	0.1793127503156662		0	0	4096	mae_node_2.npz
H30	B1_MAE_ALT08__5	B1_MAE_ALT08	3	1/20	0.03263417119565217	False	0.5104009902227558	-0.4777668190271036	0.17392019515236207		0	0	4096	mae_node_3.npz
H31	B1_MAE_ALT08__6	B1_MAE_ALT08	1	0	0.08702445652173912	False	0.5234881951002626	-0.43646373857852344	0.18295352547257035		0	4096	4096	mae_node_1.npz
H31	B1_MAE_ALT08__6	B1_MAE_ALT08	2	1/50	0.06526834239130434	False	0.5182533131492599	-0.4529849707579556	0.1793127503156662		0	0	4096	mae_node_2.npz
H31	B1_MAE_ALT08__6	B1_MAE_ALT08	3	1/20	0.03263417119565217	False	0.5104009902227558	-0.4777668190271036	0.17392019515236207		0	0	4096	mae_node_3.npz
H32	B1_MAE_ALT08__7	B1_MAE_ALT08	1	0	0.08702445652173912	False	0.5234881951002626	-0.43646373857852344	0.18295352547257035		0	4096	4096	mae_node_1.npz
H32	B1_MAE_ALT08__7	B1_MAE_ALT08	2	1/50	0.06526834239130434	False	0.5182533131492599	-0.4529849707579556	0.1793127503156662		0	0	4096	mae_node_2.npz
H32	B1_MAE_ALT08__7	B1_MAE_ALT08	3	1/20	0.03263417119565217	False	0.5104009902227558	-0.4777668190271036	0.17392019515236207		0	0	4096	mae_node_3.npz
H33	B1_MAE_STR40__0	B1_MAE_STR40	1	0	0.6671875	False	0.5234881951002626	0.14369930489973748	0.18295352547257035		4047	4096	4096	mae_node_1.npz
H33	B1_MAE_STR40__0	B1_MAE_STR40	2	1/50	0.633828125	False	0.5182533131492599	0.11557481185074003	0.1793127503156662		3979	4047	4096	mae_node_2.npz
H33	B1_MAE_STR40__0	B1_MAE_STR40	3	1/20	0.5837890625	False	0.5104009902227558	0.0733880722772442	0.17392019515236207		3677	3979	4096	mae_node_3.npz
H34	B1_MAE_STR40__1	B1_MAE_STR40	1	0	0.6671875	False	0.5234881951002626	0.14369930489973748	0.18295352547257035		3987	4096	4096	mae_node_1.npz
H34	B1_MAE_STR40__1	B1_MAE_STR40	2	1/50	0.633828125	False	0.5182533131492599	0.11557481185074003	0.1793127503156662		3852	3987	4096	mae_node_2.npz
H34	B1_MAE_STR40__1	B1_MAE_STR40	3	1/20	0.5837890625	False	0.5104009902227558	0.0733880722772442	0.17392019515236207		3467	3852	4096	mae_node_3.npz
H35	B1_MAE_STR40__2	B1_MAE_STR40	1	0	0.6671875	False	0.5234881951002626	0.14369930489973748	0.18295352547257035		3995	4096	4096	mae_node_1.npz
H35	B1_MAE_STR40__2	B1_MAE_STR40	2	1/50	0.633828125	False	0.5182533131492599	0.11557481185074003	0.1793127503156662		3898	3995	4096	mae_node_2.npz
H35	B1_MAE_STR40__2	B1_MAE_STR40	3	1/20	0.5837890625	False	0.5104009902227558	0.0733880722772442	0.17392019515236207		3531	3898	4096	mae_node_3.npz
H36	B1_MAE_STR40__3	B1_MAE_STR40	1	0	0.6671875	False	0.5234881951002626	0.14369930489973748	0.18295352547257035		3990	4096	4096	mae_node_1.npz
H36	B1_MAE_STR40__3	B1_MAE_STR40	2	1/50	0.633828125	False	0.5182533131492599	0.11557481185074003	0.1793127503156662		3873	3990	4096	mae_node_2.npz
H36	B1_MAE_STR40__3	B1_MAE_STR40	3	1/20	0.5837890625	False	0.5104009902227558	0.0733880722772442	0.17392019515236207		3495	3873	4096	mae_node_3.npz
H37	B1_MAE_STR40__4	B1_MAE_STR40	1	0	0.6671875	False	0.5234881951002626	0.14369930489973748	0.18295352547257035		4011	4096	4096	mae_node_1.npz
H37	B1_MAE_STR40__4	B1_MAE_STR40	2	1/50	0.633828125	False	0.5182533131492599	0.11557481185074003	0.1793127503156662		3904	4011	4096	mae_node_2.npz
H37	B1_MAE_STR40__4	B1_MAE_STR40	3	1/20	0.5837890625	False	0.5104009902227558	0.0733880722772442	0.17392019515236207		3534	3904	4096	mae_node_3.npz
H38	B1_MAE_STR40__5	B1_MAE_STR40	1	0	0.6671875	False	0.5234881951002626	0.14369930489973748	0.18295352547257035		4037	4096	4096	mae_node_1.npz
H38	B1_MAE_STR40__5	B1_MAE_STR40	2	1/50	0.633828125	False	0.5182533131492599	0.11557481185074003	0.1793127503156662		3950	4037	4096	mae_node_2.npz
H38	B1_MAE_STR40__5	B1_MAE_STR40	3	1/20	0.5837890625	False	0.5104009902227558	0.0733880722772442	0.17392019515236207		3622	3950	4096	mae_node_3.npz
H39	B1_MAE_STR40__6	B1_MAE_STR40	1	0	0.6671875	False	0.5234881951002626	0.14369930489973748	0.18295352547257035		3989	4096	4096	mae_node_1.npz
H39	B1_MAE_STR40__6	B1_MAE_STR40	2	1/50	0.633828125	False	0.5182533131492599	0.11557481185074003	0.1793127503156662		3880	3989	4096	mae_node_2.npz
H39	B1_MAE_STR40__6	B1_MAE_STR40	3	1/20	0.5837890625	False	0.5104009902227558	0.0733880722772442	0.17392019515236207		3525	3880	4096	mae_node_3.npz
H40	B1_MAE_STR40__7	B1_MAE_STR40	1	0	0.6671875	False	0.5234881951002626	0.14369930489973748	0.18295352547257035		4053	4096	4096	mae_node_1.npz
H40	B1_MAE_STR40__7	B1_MAE_STR40	2	1/50	0.633828125	False	0.5182533131492599	0.11557481185074003	0.1793127503156662		3964	4053	4096	mae_node_2.npz
H40	B1_MAE_STR40__7	B1_MAE_STR40	3	1/20	0.5837890625	False	0.5104009902227558	0.0733880722772442	0.17392019515236207		3616	3964	4096	mae_node_3.npz
H41	QB_MSE_NEG__0	QB_MSE_NEG	1	0	-0.013264937181720714	True	0.05901160074203102	-0.07227653792375173		0.00018328258011246715	0	4096	4096	H41_node_1.npz
H41	QB_MSE_NEG__0	QB_MSE_NEG	2	1/50	-0.03756832259838749	True	0.05808532141947804	-0.09565364401786552		0.0001775739244423197	0	0	4096	H41_node_2.npz
H41	QB_MSE_NEG__0	QB_MSE_NEG	3	1/20	-0.07402340072338741	True	0.060311399662219364	-0.13433480038560677		0.00019144552259031338	0	0	4096	H41_node_3.npz
H42	QB_MSE_NEG__1	QB_MSE_NEG	1	0	-0.01329950645242382	True	0.05908807456594292	-0.07238758101836675		0.00018375792399528582	0	4096	4096	H42_node_1.npz
H42	QB_MSE_NEG__1	QB_MSE_NEG	2	1/50	-0.03760289186909059	True	0.05816301314562055	-0.09576590501471113		0.00017804926832513837	0	0	4096	H42_node_2.npz
H42	QB_MSE_NEG__1	QB_MSE_NEG	3	1/20	-0.07405796999409052	True	0.0603862274280279	-0.1344441974221184		0.00019192086647313206	0	0	4096	H42_node_3.npz
H43	QB_MSE_NEG__2	QB_MSE_NEG	1	0	-0.013270442428121797	True	0.05902378603084098	-0.07229422845896277		0.00018335827986392097	0	4096	4096	H43_node_1.npz
H43	QB_MSE_NEG__2	QB_MSE_NEG	2	1/50	-0.03757382784478857	True	0.058097700984476974	-0.09567152882926555		0.0001776496241937735	0	0	4096	H43_node_2.npz
H43	QB_MSE_NEG__2	QB_MSE_NEG	3	1/20	-0.0740289059697885	True	0.06032332239269963	-0.13435222836248814		0.0001915212223417672	0	0	4096	H43_node_3.npz
H44	QB_MSE_NEG__3	QB_MSE_NEG	1	0	-0.013267917167119352	True	0.05901819694128807	-0.07228611410840742		0.00018332355632635078	0	4096	4096	H44_node_1.npz
H44	QB_MSE_NEG__3	QB_MSE_NEG	2	1/50	-0.037571302583786124	True	0.05809202279545672	-0.09566332537924285		0.00017761490065620333	0	0	4096	H44_node_2.npz
H44	QB_MSE_NEG__3	QB_MSE_NEG	3	1/20	-0.07402638070878605	True	0.06031785371910827	-0.1343442344278943		0.00019148649880419702	0	0	4096	H44_node_3.npz
H45	QB_MSE_NEG__4	QB_MSE_NEG	1	0	-0.013330002321272367	True	0.059155455172865204	-0.07248545749413757		0.0001841772566688876	1	4096	4096	H45_node_1.npz
H45	QB_MSE_NEG__4	QB_MSE_NEG	2	1/50	-0.03763338773793914	True	0.05823146416651451	-0.09586485190445365		0.00017846860099874015	0	1	4096	H45_node_2.npz
H45	QB_MSE_NEG__4	QB_MSE_NEG	3	1/20	-0.07408846586293907	True	0.060452161117597304	-0.13454062698053637		0.00019234019914673384	0	0	4096	H45_node_3.npz
H46	QB_MSE_NEG__5	QB_MSE_NEG	1	0	-0.013459659273843417	True	0.06493218058887838	-0.0783918398627218		0.0002219046355803534	0	4096	4096	H46_node_1.npz
H46	QB_MSE_NEG__5	QB_MSE_NEG	2	1/50	-0.037763044690510186	True	0.0694718345504014	-0.10723487924091159		0.0002540176734630709	0	0	4096	H46_node_2.npz
H46	QB_MSE_NEG__5	QB_MSE_NEG	3	1/20	-0.07421812281551012	True	0.0785354342119968	-0.15275355702750693		0.000324621811940362	0	0	4096	H46_node_3.npz
H47	QB_MSE_NEG__6	QB_MSE_NEG	1	0	-0.013302664733348398	True	0.0645534270607336	-0.077856091794082		0.00021932341817291855	0	4096	4096	H47_node_1.npz
H47	QB_MSE_NEG__6	QB_MSE_NEG	2	1/50	-0.03760605015001517	True	0.06911796195676696	-0.10672401210678213		0.00025143645605563603	0	0	4096	H47_node_2.npz
H47	QB_MSE_NEG__6	QB_MSE_NEG	3	1/20	-0.0740611282750151	True	0.07822257536111692	-0.15228370363613203		0.0003220405945329271	0	0	4096	H47_node_3.npz
H48	QB_MSE_NEG__7	QB_MSE_NEG	1	0	-0.013290909399771362	True	0.06452497753671303	-0.07781588693648439		0.00021913014347964846	0	4096	4096	H48_node_1.npz
H48	QB_MSE_NEG__7	QB_MSE_NEG	2	1/50	-0.03759429481643813	True	0.06909139198109236	-0.10668568679753049		0.00025124318136236594	0	0	4096	H48_node_2.npz
H48	QB_MSE_NEG__7	QB_MSE_NEG	3	1/20	-0.07404937294143807	True	0.078199098952312	-0.15224847189375007		0.00032184731983965703	0	0	4096	H48_node_3.npz
H49	QB_MSE_NOM02__0	QB_MSE_NOM02	1	0	0.025196279369890107	False	0.039532493942810214	-0.014336214572920107		8.225358301780665e-05	207	4096	4096	H49_node_1.npz
H49	QB_MSE_NOM02__0	QB_MSE_NOM02	2	1/50	0.00012097431953712195	False	0.03891006531402277	-0.038789090994485645		7.968385172323776e-05	0	207	4096	H49_node_2.npz
H49	QB_MSE_NOM02__0	QB_MSE_NOM02	3	1/20	-0.03749198325599236	True	0.04319074691275377	-0.08068273016874614		9.818108520429207e-05	0	0	4096	H49_node_3.npz
H50	QB_MSE_NOM02__1	QB_MSE_NOM02	1	0	0.025155453388370875	False	0.0395022982718122	-0.014346844883441328		8.212797730290616e-05	191	4096	4096	H50_node_1.npz
H50	QB_MSE_NOM02__1	QB_MSE_NOM02	2	1/50	8.139909318838616e-05	False	0.03888241745904327	-0.03880101836585489		7.957065197154279e-05	0	191	4096	H50_node_2.npz
H50	QB_MSE_NOM02__1	QB_MSE_NOM02	3	1/20	-0.03752968234958535	True	0.0431696690379431	-0.08069935138752846		9.80852802550286e-05	0	0	4096	H50_node_3.npz
H51	QB_MSE_NOM02__2	QB_MSE_NOM02	1	0	0.024941290486028066	False	0.16096501762156853	-0.13602372713554048		0.0013636703630479931	0	4096	4096	H51_node_1.npz
H51	QB_MSE_NOM02__2	QB_MSE_NOM02	2	1/50	-0.00012620265991890444	True	0.16157728443705122	-0.16170348709697013		0.0013740641497921977	0	0	4096	H51_node_2.npz
H51	QB_MSE_NOM02__2	QB_MSE_NOM02	3	1/20	-0.03772744237883936	True	0.1637924981948992	-0.20151994057373857		0.0014119990771013714	0	0	4096	H51_node_3.npz
H52	QB_MSE_NOM02__3	QB_MSE_NOM02	1	0	0.024940934499784902	False	0.16096386972261173	-0.13602293522282682		0.0013636509134777853	0	4096	4096	H52_node_1.npz
H52	QB_MSE_NOM02__3	QB_MSE_NOM02	2	1/50	-0.00012654774007683314	True	0.1615761682322038	-0.16170271597228064		0.0013740451652948119	0	0	4096	H52_node_2.npz
H52	QB_MSE_NOM02__3	QB_MSE_NOM02	3	1/20	-0.03772777109986944	True	0.16379143693399012	-0.20151920803385956		0.0014119807796263823	0	0	4096	H52_node_3.npz
H53	QB_MSE_NOM02__4	QB_MSE_NOM02	1	0	0.025036839080712026	False	0.16127282438470114	-0.13623598530398912		0.0013688907307904557	0	4096	4096	H53_node_1.npz
H53	QB_MSE_NOM02__4	QB_MSE_NOM02	2	1/50	-3.358131632328513e-05	True	0.16187660146220956	-0.16191018277853284		0.0013791596895239488	0	0	4096	H53_node_2.npz
H53	QB_MSE_NOM02__4	QB_MSE_NOM02	3	1/20	-0.037639211911876254	True	0.16407709807045207	-0.2017163099823283		0.0014169102163800393	0	0	4096	H53_node_3.npz
H54	QB_MSE_NOM02__5	QB_MSE_NOM02	1	0	0.0251847167313755	False	0.16174805273897636	-0.13656333600760084		0.001376970134992141	0	4096	4096	H54_node_1.npz
H54	QB_MSE_NOM02__5	QB_MSE_NOM02	2	1/50	0.00010976591696170194	False	0.16233875730419953	-0.16222899138723781		0.0013870459012143052	0	0	4096	H54_node_2.npz
H54	QB_MSE_NOM02__5	QB_MSE_NOM02	3	1/20	-0.03750266030465899	True	0.164516594010982	-0.202019254315641		0.0014245110371039094	0	0	4096	H54_node_3.npz
H55	QB_MSE_NOM02__6	QB_MSE_NOM02	1	0	0.025216078275194332	False	0.16184865870334356	-0.13663258042814921		0.001378683596003757	0	4096	4096	H55_node_1.npz
H55	QB_MSE_NOM02__6	QB_MSE_NOM02	2	1/50	0.0001401666605345506	False	0.16243660122598813	-0.1622964345654536		0.001388718390413194	0	0	4096	H55_node_2.npz
H55	QB_MSE_NOM02__6	QB_MSE_NOM02	3	1/20	-0.03747370076145512	True	0.16460965045804182	-0.20208335121949694		0.0014261230012588796	0	0	4096	H55_node_3.npz
H56	QB_MSE_NOM02__7	QB_MSE_NOM02	1	0	0.02504886871414469	False	0.039423357215994194	-0.014374488501849504		8.180005758841483e-05	166	4096	4096	H56_node_1.npz
H56	QB_MSE_NOM02__7	QB_MSE_NOM02	2	1/50	-2.1920225805091104e-05	True	0.03881014417958193	-0.03883206440538702		7.927512059157564e-05	0	166	4096	H56_node_2.npz
H56	QB_MSE_NOM02__7	QB_MSE_NOM02	3	1/20	-0.037628103635729764	True	0.04311459231549011	-0.08074269595121988		9.783516160689047e-05	0	0	4096	H56_node_3.npz
H57	QB_MSE_NOM05__0	QB_MSE_NOM05	1	0	0.06525510000499	False	0.20032563305558093	-0.1350705330505909		0.0021121241715325928	2	4096	4096	H57_node_1.npz
H57	QB_MSE_NOM05__0	QB_MSE_NOM05	2	1/50	0.039377483455811414	False	0.19928282801099806	-0.15990534455518665		0.0020901918705295277	0	2	4096	H57_node_2.npz
H57	QB_MSE_NOM05__0	QB_MSE_NOM05	3	1/20	0.0005610586320437248	False	0.19884276739670737	-0.19828170876466364		0.002080970849788477	0	0	4096	H57_node_3.npz
H58	QB_MSE_NOM05__1	QB_MSE_NOM05	1	0	0.06435763624415168	False	0.1989612077413008	-0.13460357149714913		0.0020834506413619502	0	4096	4096	H58_node_1.npz
H58	QB_MSE_NOM05__1	QB_MSE_NOM05	2	1/50	0.038501670345918455	False	0.19794821991651787	-0.15944654957059942		0.0020622893562167433	0	0	4096	H58_node_2.npz
H58	QB_MSE_NOM05__1	QB_MSE_NOM05	3	1/20	-0.0002822785014311894	True	0.19755985571342408	-0.19784213421485528		0.002054205083658365	0	0	4096	H58_node_3.npz
H59	QB_MSE_NOM05__2	QB_MSE_NOM05	1	0	0.06469364614338868	False	0.19947314076500364	-0.13477949462161495		0.0020941859940344716	3	4096	4096	H59_node_1.npz
H59	QB_MSE_NOM05__2	QB_MSE_NOM05	2	1/50	0.03882957425429542	False	0.19844894753862213	-0.1596193732843267		0.0020727360410098318	0	3	4096	H59_node_2.npz
H59	QB_MSE_NOM05__2	QB_MSE_NOM05	3	1/20	3.346642065572359e-05	False	0.19804115037417888	-0.19800768395352317		0.0020642261706067437	0	0	4096	H59_node_3.npz
H60	QB_MSE_NOM05__3	QB_MSE_NOM05	1	0	0.06449656745005142	False	0.0795161528668142	-0.015019585416762779		0.00033277992456518755	852	4096	4096	H60_node_1.npz
H60	QB_MSE_NOM05__3	QB_MSE_NOM05	2	1/50	0.038637249939000376	False	0.07650699385913805	-0.03786974392013767		0.00030806947944011506	31	852	4096	H60_node_2.npz
H60	QB_MSE_NOM05__3	QB_MSE_NOM05	3	1/20	-0.0001517263275759972	True	0.07482396699541649	-0.07497569332299249		0.00029466452825953554	0	31	4096	H60_node_3.npz
H61	QB_MSE_NOM05__4	QB_MSE_NOM05	1	0	0.06432153306113272	False	0.07941857147826298	-0.015097038417130254		0.0003319636576656824	818	4096	4096	H61_node_1.npz
H61	QB_MSE_NOM05__4	QB_MSE_NOM05	2	1/50	0.038466438125547425	False	0.07641263086017383	-0.037946192734626405		0.0003073100081564837	48	818	4096	H61_node_2.npz
H61	QB_MSE_NOM05__4	QB_MSE_NOM05	3	1/20	-0.0003162042778303252	True	0.07473781825059297	-0.0750540225284233		0.0002939863935188773	0	48	4096	H61_node_3.npz
H62	QB_MSE_NOM05__5	QB_MSE_NOM05	1	0	0.0646338266309411	False	0.07959259094508815	-0.014958764314147055		0.0003334200280711647	868	4096	4096	H62_node_1.npz
H62	QB_MSE_NOM05__5	QB_MSE_NOM05	2	1/50	0.03877119784344172	False	0.07658091047930984	-0.037809712635868124		0.0003086650447284247	48	868	4096	H62_node_2.npz
H62	QB_MSE_NOM05__5	QB_MSE_NOM05	3	1/20	-2.2745337807137474e-05	True	0.0748914541439266	-0.07491419948173374		0.0002951963107258874	0	48	4096	H62_node_3.npz
H63	QB_MSE_NOM05__6	QB_MSE_NOM05	1	0	0.06451076868567052	False	0.19919467818647985	-0.13468390950080933		0.002088343148306067	1	4096	4096	H63_node_1.npz
H63	QB_MSE_NOM05__6	QB_MSE_NOM05	2	1/50	0.03865110858028999	False	0.19817657737269792	-0.15952546879240792		0.002067050306271417	0	1	4096	H63_node_2.npz
H63	QB_MSE_NOM05__6	QB_MSE_NOM05	3	1/20	-0.00013838157778060724	True	0.19777934518134166	-0.19791772675912225		0.0020587720726505418	0	0	4096	H63_node_3.npz
H64	QB_MSE_NOM05__7	QB_MSE_NOM05	1	0	0.06432763945346594	False	0.07942197780048602	-0.015094338347020078		0.0003319921346179418	824	4096	4096	H64_node_1.npz
H64	QB_MSE_NOM05__7	QB_MSE_NOM05	2	1/50	0.038472397205671825	False	0.07641592484633984	-0.037943527640668016		0.00030733650369060313	34	824	4096	H64_node_2.npz
H64	QB_MSE_NOM05__7	QB_MSE_NOM05	3	1/20	-0.0003104661660191504	True	0.07474082537757673	-0.07505129154359588		0.00029401005148007464	0	34	4096	H64_node_3.npz
H65	QB_MSE_NOM08__0	QB_MSE_NOM08	1	0	0.1063035741413605	False	0.22909996504037924	-0.12279639089901874		0.002762462841131736	19	4096	4096	H65_node_1.npz
H65	QB_MSE_NOM08__0	QB_MSE_NOM08	2	1/50	0.07960875547033991	False	0.22675527636824844	-0.14714652089790853		0.002706208176886354	3	19	4096	H65_node_2.npz
H65	QB_MSE_NOM08__0	QB_MSE_NOM08	3	1/20	0.039566527463808975	False	0.2242665225908059	-0.18469999512699692		0.002647130166051182	0	3	4096	H65_node_3.npz
H66	QB_MSE_NOM08__1	QB_MSE_NOM08	1	0	0.10665031414455992	False	0.22946214889472683	-0.12281183475016691		0.002771204093441357	22	4096	4096	H66_node_1.npz
H66	QB_MSE_NOM08__1	QB_MSE_NOM08	2	1/50	0.07994769511893259	False	0.22711076842606728	-0.14716307330713468		0.0027147000597409873	3	22	4096	H66_node_2.npz
H66	QB_MSE_NOM08__1	QB_MSE_NOM08	3	1/20	0.03989376658049155	False	0.2246104204759649	-0.18471665389547337		0.0026552547887573556	0	3	4096	H66_node_3.npz
H67	QB_MSE_NOM08__2	QB_MSE_NOM08	1	0	0.10838705782119239	False	0.23126771200768995	-0.12288065418649756		0.0028149870851195695	17	4096	4096	H67_node_1.npz
H67	QB_MSE_NOM08__2	QB_MSE_NOM08	2	1/50	0.0816453685515386	False	0.22888304063149886	-0.14723767207996025		0.0027572340151958085	3	17	4096	H67_node_2.npz
H67	QB_MSE_NOM08__2	QB_MSE_NOM08	3	1/20	0.04153283464705788	False	0.22632506528003196	-0.1847922306329741		0.002695949219684775	0	3	4096	H67_node_3.npz
H68	QB_MSE_NOM08__3	QB_MSE_NOM08	1	0	0.10630629431092817	False	0.11196624627956783	-0.005659951968639665		0.0006598126476808861	1739	4096	4096	H68_node_1.npz
H68	QB_MSE_NOM08__3	QB_MSE_NOM08	2	1/50	0.0796114144462552	False	0.10739889242554687	-0.027787477979291667		0.0006070801102228521	476	1739	4096	H68_node_2.npz
H68	QB_MSE_NOM08__3	QB_MSE_NOM08	3	1/20	0.03956909464924571	False	0.10253010052900535	-0.06296100587975964		0.0005532853428677865	8	476	4096	H68_node_3.npz
H69	QB_MSE_NOM08__4	QB_MSE_NOM08	1	0	0.11037307479603697	False	0.11380740776189399	-0.0034343329658570176		0.0006816908453411584	1845	4096	4096	H69_node_1.npz
H69	QB_MSE_NOM08__4	QB_MSE_NOM08	2	1/50	0.08358670756446406	False	0.10920056473347414	-0.025613857169010087		0.000627619123058404	611	1845	4096	H69_node_2.npz
H69	QB_MSE_NOM08__4	QB_MSE_NOM08	3	1/20	0.043407156717104635	False	0.10424015540383626	-0.06083299868673162		0.0005718952630850492	7	611	4096	H69_node_3.npz
H70	QB_MSE_NOM08__5	QB_MSE_NOM08	1	0	0.10681120777989093	False	0.22963001472114966	-0.12281880694125873		0.002775260192675548	19	4096	4096	H70_node_1.npz
H70	QB_MSE_NOM08__5	QB_MSE_NOM08	2	1/50	0.08010496924858797	False	0.22727553430513459	-0.14717056505654663		0.0027186404470360215	1	19	4096	H70_node_2.npz
H70	QB_MSE_NOM08__5	QB_MSE_NOM08	3	1/20	0.04004561145163349	False	0.22476981659748943	-0.18472420514585594		0.0026590247606983705	0	1	4096	H70_node_3.npz
H71	QB_MSE_NOM08__6	QB_MSE_NOM08	1	0	0.1064389300665897	False	0.229241417827561	-0.1228024877609713		0.002765875139346863	18	4096	4096	H71_node_1.npz
H71	QB_MSE_NOM08__6	QB_MSE_NOM08	2	1/50	0.0797410663929586	False	0.226894115083339	-0.14715304869038043		0.0027095231294448152	2	18	4096	H71_node_2.npz
H71	QB_MSE_NOM08__6	QB_MSE_NOM08	3	1/20	0.039694270882511894	False	0.2244008317577307	-0.1847065608752188		0.0026503017522927033	0	2	4096	H71_node_3.npz
H72	QB_MSE_NOM08__7	QB_MSE_NOM08	1	0	0.10626993101301635	False	0.22906479296459767	-0.12279486195158132		0.0027616147039954734	19	4096	4096	H72_node_1.npz
H72	QB_MSE_NOM08__7	QB_MSE_NOM08	2	1/50	0.07957586918668845	False	0.2267207543893881	-0.14714488520269964		0.0027053842353101706	2	19	4096	H72_node_2.npz
H72	QB_MSE_NOM08__7	QB_MSE_NOM08	3	1/20	0.03953477644719654	False	0.22423312715475915	-0.18469835070756263		0.0026463418586106517	0	2	4096	H72_node_3.npz
H73	QB_MSE_NOM40__0	QB_MSE_NOM40	1	0	0.8165481617191075	False	0.4493756423035375	0.36717251941557		0.010628340415564047	4096	4096	4096	H73_node_1.npz
H73	QB_MSE_NOM40__0	QB_MSE_NOM40	2	1/50	0.7756479452843195	False	0.43306807645035733	0.34257986883396213		0.009870945202126977	4096	4096	4096	H73_node_2.npz
H73	QB_MSE_NOM40__0	QB_MSE_NOM40	3	1/20	0.7142976206321374	False	0.40887371885287943	0.305423901779258		0.008798827261504395	4094	4096	4096	H73_node_3.npz
H74	QB_MSE_NOM40__1	QB_MSE_NOM40	1	0	0.8157095577863951	False	0.5290497616951476	0.2866597960912475		0.01473124475524697	4062	4096	4096	H74_node_1.npz
H74	QB_MSE_NOM40__1	QB_MSE_NOM40	2	1/50	0.774826386479396	False	0.5144694592125834	0.2603569272668126		0.0139304644453941	4044	4062	4096	H74_node_2.npz
H74	QB_MSE_NOM40__1	QB_MSE_NOM40	3	1/20	0.7135016295188974	False	0.4930232208260465	0.2204784086928509		0.012793257698615189	3992	4044	4096	H74_node_3.npz
H75	QB_MSE_NOM40__2	QB_MSE_NOM40	1	0	0.8356642277124452	False	0.5332153007532905	0.3024489269591547		0.01496413457670642	4071	4096	4096	H75_node_1.npz
H75	QB_MSE_NOM40__2	QB_MSE_NOM40	2	1/50	0.7943754657736727	False	0.5186051730205947	0.27577029275307796		0.01415533292019584	4062	4071	4096	H75_node_2.npz
H75	QB_MSE_NOM40__2	QB_MSE_NOM40	3	1/20	0.732442322865514	False	0.4971124974515111	0.23532982541400294		0.01300635974328835	4037	4062	4096	H75_node_3.npz
H76	QB_MSE_NOM40__3	QB_MSE_NOM40	1	0	0.8147404618925281	False	0.5288466274338545	0.28589383445867367		0.014719934492008532	4072	4096	4096	H76_node_1.npz
H76	QB_MSE_NOM40__3	QB_MSE_NOM40	2	1/50	0.7738769880406761	False	0.5142677619859307	0.25960922605474535		0.013919543737790412	4049	4072	4096	H76_node_2.npz
H76	QB_MSE_NOM40__3	QB_MSE_NOM40	3	1/20	0.7125817772628981	False	0.49282376170028747	0.2197580155626106		0.012782908426127459	3988	4049	4096	H76_node_3.npz
H77	QB_MSE_NOM40__4	QB_MSE_NOM40	1	0	0.8218671635994609	False	0.5303386527951871	0.2915285108042738		0.014803109823611266	4075	4096	4096	H77_node_1.npz
H77	QB_MSE_NOM40__4	QB_MSE_NOM40	2	1/50	0.7808588352619928	False	0.5157491943698326	0.26510964089216027		0.013999854289112178	4055	4075	4096	H77_node_2.npz
H77	QB_MSE_NOM40__4	QB_MSE_NOM40	3	1/20	0.7193463427557909	False	0.49428869758369737	0.22505764517209353		0.01285901666099936	3999	4055	4096	H77_node_3.npz
H78	QB_MSE_NOM40__5	QB_MSE_NOM40	1	0	0.8241764572502932	False	0.5308212201099267	0.2933552371403665		0.014830061458894277	4071	4096	4096	H78_node_1.npz
H78	QB_MSE_NOM40__5	QB_MSE_NOM40	2	1/50	0.7831211911346377	False	0.5162283168575004	0.26689287427713737		0.014025877638185674	4051	4071	4096	H78_node_2.npz
H78	QB_MSE_NOM40__5	QB_MSE_NOM40	3	1/20	0.7215382919611547	False	0.4947624561511669	0.22677583580998784		0.01288367831667028	4008	4051	4096	H78_node_3.npz
H79	QB_MSE_NOM40__6	QB_MSE_NOM40	1	0	0.8147384381758341	False	0.44912189381010736	0.36561654436572677		0.01061634081576723	4096	4096	4096	H79_node_1.npz
H79	QB_MSE_NOM40__6	QB_MSE_NOM40	2	1/50	0.7738750054572373	False	0.4328167652679628	0.3410582401892745		0.009859492226159096	4096	4096	4096	H79_node_2.npz
H79	QB_MSE_NOM40__6	QB_MSE_NOM40	3	1/20	0.7125798563793423	False	0.40862603019759614	0.30395382618174616		0.008788170134476143	4096	4096	4096	H79_node_3.npz
H80	QB_MSE_NOM40__7	QB_MSE_NOM40	1	0	0.8261200377444496	False	0.4507153768712915	0.37540466087315816		0.010691807944643701	4096	4096	4096	H80_node_1.npz
H80	QB_MSE_NOM40__7	QB_MSE_NOM40	2	1/50	0.7850252671898108	False	0.43439487760942214	0.35063038958038867		0.009931521562805518	4095	4096	4096	H80_node_2.npz
H80	QB_MSE_NOM40__7	QB_MSE_NOM40	3	1/20	0.7233831113578527	False	0.41018129051897145	0.31320182083888126		0.00885519426798994	4093	4095	4096	H80_node_3.npz
